Top queries,Clicks,Impressions,CTR,Position
dryspace waterproofing,9,100,9%,35.3
dry space waterproofing,6,137,4.38%,73.92
basement waterproofing markham,2,1151,0.17%,54.54
basement waterproofing cost,1,1490,0.07%,46.74
basement waterproofing pickering,1,121,0.83%,51.79
dryspace,1,5,20%,23.8
basement waterproofing mississauga,0,1852,0%,68.1
basement waterproofing brampton,0,1683,0%,55.45
waterproofing mississauga,0,1262,0%,64.94
interior waterproofing toronto,0,1235,0%,69.55
basement underpinning toronto,0,878,0%,73.23
basement waterproofing scarborough,0,755,0%,62.1
underpinning toronto,0,714,0%,75.87
basement waterproofing north york,0,628,0%,57.03
foundation leak repair,0,621,0%,54.37
foundation waterproofing cost,0,617,0%,43.17
exterior waterproofing toronto,0,611,0%,67.17
interior basement waterproofing toronto,0,547,0%,68.41
leaky basement toronto,0,530,0%,77.8
foundation repair mississauga,0,492,0%,58.54
foundation crack repair toronto,0,474,0%,70.82
backwater valve installation toronto,0,462,0%,77.1
basement waterproofing richmond hill,0,436,0%,71.4
exterior foundation waterproofing scarborough,0,426,0%,67.36
basement lowering toronto,0,413,0%,82.7
basement waterproofing streetsville,0,412,0%,19.12
waterproofing basement mississauga,0,391,0%,73.65
basement underpinning services toronto,0,385,0%,63.15
basement leaks toronto,0,376,0%,79.85
french drain toronto,0,374,0%,68.82
basement leak repair cost,0,351,0%,53.34
foundation waterproofing toronto,0,346,0%,59.63
exterior foundation waterproofing mississauga,0,344,0%,54.72
cost of basement waterproofing,0,340,0%,52.37
excavation problem leslieville,0,309,0%,41.2
waterproofing scarborough,0,298,0%,65.55
underpinning basement toronto,0,298,0%,86.22
interior basement waterproofing systems,0,290,0%,66.71
basement waterproofing thornhill,0,282,0%,50.79
basement waterproofing cost toronto,0,281,0%,40.09
foundation repair toronto,0,274,0%,69.58
crawl space excavation toronto,0,269,0%,46.95
interior waterproofing service toronto,0,267,0%,55.03
basement crack repair toronto,0,264,0%,69.95
waterproof basement cost,0,256,0%,56.36
waterproofing basement cost,0,249,0%,60.31
"cost to waterproof 1,000 sq ft basement",0,248,0%,60.6
leaky basement repair toronto,0,248,0%,74.72
mississauga basement waterproofing,0,247,0%,71.97
cost for waterproofing basement,0,244,0%,52.25
exterior foundation waterproofing toronto,0,244,0%,55.81
french drain installation toronto,0,243,0%,67.98
basement underpinning,0,242,0%,56.32
foundation waterproofing north york,0,241,0%,43.04
basement waterproofing cost calculator,0,237,0%,53.77
basement waterproofing vaughan,0,237,0%,71.46
foundation leak repair toronto,0,236,0%,70.03
foundation contractor oakville,0,231,0%,31.51
basement leak repair brampton,0,230,0%,66.14
basement leak repair toronto,0,229,0%,68.64
basement waterproofing toronto cost,0,228,0%,35.3
exterior foundation waterproofing brampton,0,219,0%,44.03
cost of waterproof basement,0,219,0%,77.86
wet basements toronto,0,216,0%,54.96
brampton basement waterproofing,0,208,0%,49.09
basement underpinning mississauga,0,200,0%,67.95
foundation repair markham,0,199,0%,37.52
cost of waterproofing basement,0,199,0%,56.83
underpinning contractors toronto,0,198,0%,75.78
toronto underpinning basement,0,195,0%,63.69
summer foundation maintenance tips,0,191,0%,29.84
waterproofing cost,0,186,0%,50.76
basement waterproofing cost per linear foot,0,186,0%,68.85
foundation waterproofing mississauga,0,185,0%,64.51
emergency waterproofing,0,184,0%,49.76
basement foundation repair toronto,0,184,0%,59.47
basement waterproofing services mississauga,0,184,0%,60.35
how much does it cost to waterproof a basement,0,183,0%,75.25
foundation repair services mississauga,0,178,0%,53.2
epoxy crack injection toronto,0,178,0%,62.85
exterior foundation crack repair toronto,0,174,0%,60.21
basement window wells toronto,0,173,0%,65.95
how much to waterproof a basement,0,172,0%,73.23
toronto backwater valve installation,0,169,0%,75.23
window well drainage toronto,0,162,0%,33.33
block foundation repair toronto,0,162,0%,58.57
foundation wall crack repair toronto,0,161,0%,57.74
basement repair mississauga,0,161,0%,77
basement services toronto,0,158,0%,56.58
basement underpinning markham,0,155,0%,61.79
foundation repairs mississauga,0,153,0%,60.97
dry basement foundation repair,0,151,0%,40.15
excavation problem etobicoke,0,149,0%,32.38
home waterproofing toronto,0,149,0%,79.51
basement underpinning north york,0,148,0%,63.11
basement waterproofers toronto,0,146,0%,61.69
basement leak repair near me,0,146,0%,75.36
basement waterproofing oakville,0,145,0%,73.35
basement waterproofing contractors toronto,0,143,0%,75.01
cost to waterproof basement,0,142,0%,62.6
foundation waterproofing services mississauga,0,142,0%,67.52
basement waterproofing in toronto,0,139,0%,56.79
foundation repair etobicoke,0,139,0%,58.18
concrete foundation repair toronto,0,139,0%,73.55
exterior waterproofing contractors toronto,0,138,0%,84.55
toronto foundation repair,0,133,0%,64.37
excavation problem vaughan,0,132,0%,22.09
basement repair services mississauga,0,132,0%,69.83
basement waterproofing lakeshore,0,129,0%,61.26
backwater valve toronto,0,128,0%,78.67
foundation crack repair specialist,0,127,0%,74.46
basement leak repair mississauga,0,127,0%,79.94
french drain installers toronto,0,126,0%,67.98
basement repairs mississauga,0,121,0%,74.55
window well installation toronto,0,116,0%,62.89
waterproofing basements toronto,0,115,0%,56.94
waterproofing cost calculator,0,111,0%,64.41
wet basement repair toronto,0,110,0%,84.12
external basement waterproofing toronto,0,108,0%,77.18
waterproofing brampton,0,107,0%,51.87
basement underpinning in toronto,0,105,0%,68.37
scarborough basement waterproofing,0,104,0%,51.23
interior waterproofing mississauga,0,104,0%,61.6
basement sealing cost,0,101,0%,58.7
waterproofing services toronto,0,100,0%,90.45
waterproofing north york,0,99,0%,64.51
emergency waterproofing services toronto,0,94,0%,32.47
basement waterproofing woodbridge,0,94,0%,59.52
how much to waterproof basement,0,94,0%,68.98
basement waterproofing ajax,0,93,0%,57.04
underpinning east york,0,93,0%,63.04
french drain installers oakville,0,93,0%,64.62
excavation services toronto,0,92,0%,73.49
exterior waterproofing mississauga,0,91,0%,53.26
basement underpinning pickering,0,91,0%,61.41
sump pump installation toronto,0,91,0%,82.88
basement underpinning east york,0,89,0%,57.04
basement waterproofing whitby,0,89,0%,65.31
external waterproofing toronto,0,89,0%,72.87
waterproofing cost per linear foot,0,88,0%,47.85
how much does basement waterproofing cost,0,88,0%,62
foundation services mississauga,0,88,0%,79.76
emergency waterproofing toronto,0,87,0%,29.55
foundation repair hamilton,0,86,0%,49.83
interior waterproofing services toronto,0,86,0%,68.81
basement crack injection hamilton,0,86,0%,71.88
mississauga waterproofing cost calculator,0,85,0%,26.84
basement floor repair toronto,0,85,0%,66.49
dryspace basement systems,0,84,0%,1
window well installation mississauga,0,84,0%,60.27
professional basement underpinning toronto,0,84,0%,60.82
basement underpinning vaughan,0,83,0%,32.14
waterproofing contractors markham,0,83,0%,60.92
basement waterproofing hamilton,0,83,0%,65.96
backwater valve installation north york,0,83,0%,73.54
fix foundation cracks toronto,0,82,0%,61.66
foundation waterproofing hamilton,0,82,0%,65.48
backwater valve cost toronto,0,82,0%,80.06
window well installation mississauga canada,0,81,0%,64.72
basement repair markham,0,80,0%,50.19
back water valve toronto,0,80,0%,86.22
waterproofing leaside,0,79,0%,17.34
waterproofing basement cost toronto,0,79,0%,52.49
toronto basement leak repair,0,79,0%,60.82
foundation leaks,0,79,0%,85.72
dimple mat foundation,0,78,0%,34.76
cost to waterproof foundation,0,78,0%,58.55
backwater valve installation markham,0,78,0%,71.44
concrete foundation repair gta,0,77,0%,47.35
north york backwater valve installation,0,77,0%,76.47
leaking foundation repair toronto,0,75,0%,56.41
sewer backwater valve installation north york,0,75,0%,71.17
waterproofing toronto cost,0,73,0%,40
exterior waterproofing cost,0,73,0%,47.23
backwater valve installation scarborough,0,73,0%,72.1
meadwovale waterproofing,0,72,0%,10.21
basement waterproofing caledon,0,72,0%,56.68
backflow valve installation north york,0,72,0%,76.04
foundation repair scarborough,0,71,0%,55.58
french drain installation burlington,0,71,0%,81.46
port credit waterproofing,0,70,0%,14.59
waterproofing vaughan,0,70,0%,72.51
waterproofing basement markham,0,69,0%,51.14
waterproofing markham,0,69,0%,56.46
waterproofing basement brampton,0,68,0%,49.26
window well installation north york,0,67,0%,41.06
basement waterproofing burlington,0,67,0%,73.03
basement waterproofing companies toronto,0,66,0%,68.33
sump pumps markham,0,65,0%,30.48
window well installation markham,0,65,0%,50.98
french drain installation oakville,0,64,0%,61.55
wet basement solutions toronto,0,64,0%,64.05
sewer backwater valve installation toronto,0,64,0%,66.73
sump pumps newmarket,0,63,0%,21.33
foundation repair caledon,0,63,0%,54.35
basement waterproofing newmarket,0,63,0%,58.11
basement lowering mississauga,0,63,0%,61.1
basement underpinning scarborough,0,63,0%,62.54
basement leak toronto,0,63,0%,63.9
basement waterproofing contractors markham,0,63,0%,68.46
foundation repair in toronto,0,63,0%,70.29
waterproofing cost toronto,0,62,0%,44.19
cost of waterproofing basement from outside,0,62,0%,68.89
emergency flood pumping,0,62,0%,89.87
crawl space repair company,0,61,0%,37.46
waterproofing foundation cost,0,61,0%,43.56
mississauga foundation repair,0,61,0%,69.31
sump pump installation,0,61,0%,72.26
toronto backwater valve,0,61,0%,81.46
basement underpinning cost toronto,0,60,0%,47.98
excavation problem markham,0,60,0%,51.28
waterproofing rebates in 2025,0,59,0%,20.32
waterproofing rebates in toronto,0,59,0%,33.81
basement waterproofing east york,0,59,0%,64.1
underpinning basement cost,0,59,0%,66.32
waterproofing rebates in oakville,0,58,0%,40.22
scarborough sewage pump installation,0,58,0%,54.62
foundation inspection toronto,0,58,0%,58.91
caledon foundation repair,0,58,0%,59.66
repair foundations toronto,0,58,0%,69.36
basement waterproofing gta,0,57,0%,45.86
underpinning cost,0,57,0%,60.84
crawl space encapsulation,0,57,0%,61.42
toronto basement waterproofing contractors,0,57,0%,73.51
toronto underpinning,0,57,0%,74.54
foundation leak,0,57,0%,80.23
sewage pump installation ajax,0,57,0%,90.33
basement waterproofing uxbridge,0,56,0%,48.84
waterproofing solutions in mississauga,0,56,0%,75.29
underpinning mississauga,0,55,0%,65.93
underpinning company toronto,0,55,0%,92.22
etobicoke basement waterproofing,0,54,0%,68.98
basement water damage vaughan,0,54,0%,89.13
mississauga waterproofing,0,53,0%,68.49
dry basement,0,53,0%,69.02
how to estimate waterproofing,0,53,0%,81.32
sewage backup scarborough,0,53,0%,87.66
dimpled membrane for basement walls,0,52,0%,41.77
leaky basement repair cost,0,52,0%,51.58
septic system installation quote etobicoke,0,51,0%,60.2
basement waterproofing prices,0,51,0%,75.61
weeping tile installation oakville,0,50,0%,20.64
waterproofinig cost calculator,0,50,0%,63.12
underpinning ajax,0,50,0%,66.78
weeping tile installation mississauga,0,49,0%,63.31
sewage ejector pump installation ajax,0,48,0%,61.06
basement waterproofing king city,0,48,0%,69.73
sewage ejector pump installation scarborough,0,48,0%,84.17
sewer backwater valve toronto,0,48,0%,85.46
basement waterproofing services toronto,0,47,0%,62.79
cost to waterproof basement from outside,0,47,0%,66.13
flooding protection rebate,0,46,0%,50.98
leaking basement windows toronto,0,46,0%,68.83
dimpled membrane,0,46,0%,72
crack injection toronto,0,45,0%,58.96
how much does basement waterproofing cost?,0,45,0%,62.02
basement services,0,45,0%,64.58
basement renovation scarborough,0,45,0%,67.96
bench footings toronto,0,45,0%,87.42
septic bed markham,0,44,0%,51.8
dimple membrane,0,44,0%,52.23
basement drainage system,0,44,0%,57.84
exterior waterproofing,0,44,0%,69.52
toronto foundation waterproofing,0,44,0%,74.52
basement water leak repair,0,44,0%,81.09
sewage ejector pump installation brampton,0,44,0%,82.84
foundation repair brampton,0,43,0%,39.21
foundation waterproofers toronto,0,43,0%,45.53
waterproofing basement scarborough,0,43,0%,55.63
drain systems toronto,0,43,0%,64.74
waterproofing oakville,0,43,0%,85.63
basement waterproofing nobleton,0,42,0%,54.4
underpinning whitby,0,42,0%,55.31
foundation repair near mississauga,0,42,0%,60.67
basement waterproofing aurora,0,42,0%,82.88
epoxy injections toronto,0,41,0%,36
basement lowering east york,0,41,0%,50.17
underpinning cost toronto,0,41,0%,51.56
crawl space waterproofing,0,41,0%,56.39
basement flooding repair vaughan,0,41,0%,63.29
basement waterproofing etobicoke,0,41,0%,66.46
cost to waterproof 1000 sq ft basement,0,41,0%,67.8
sump pump rebate toronto,0,40,0%,57.12
price to waterproof basement,0,40,0%,59.83
leaky basement repair mississauga,0,40,0%,66.45
crawl space encapsulation hamilton,0,39,0%,53.9
concrete crack repair mississauga,0,39,0%,54.18
sewage ejector pump installation newmarket,0,39,0%,68.92
basement waterproofing richmond,0,39,0%,72.28
backwater valve installation scarborough on,0,39,0%,73.92
waterproofing basement hamilton,0,39,0%,74.79
luxury estate waterproofing,0,38,0%,45.18
dimpled foundation membrane,0,38,0%,48.92
basement protection subsidy program,0,38,0%,68.66
luxury estate drainage,0,38,0%,77.24
exterior waterproofing services toronto,0,38,0%,81.53
underpinning contractors,0,37,0%,54
underpinning company,0,37,0%,57.14
basement renovations scarborough,0,37,0%,57.22
exterior basement waterproofing toronto,0,37,0%,72.73
dimple mat for foundation,0,36,0%,36.72
hamilton foundation repair,0,36,0%,39.36
exterior foundation waterproofing cost,0,36,0%,47.67
walkout basement toronto,0,36,0%,60.61
basement underpinning near me,0,36,0%,65.03
leaky basement mississauga,0,36,0%,71.89
basement waterproofing services in toronto,0,36,0%,73.08
"toronto basement flooding protection subsidy program details eligibility 
rebate amounts application process",0,35,0%,7.43
basement window well installation toronto,0,35,0%,39.23
basement backup markham,0,35,0%,54.49
how much to waterproof basement ontario,0,35,0%,63.57
basement systems toronto,0,35,0%,66.66
dimple mat foundation wall,0,34,0%,35.59
injection waterproofing toronto,0,34,0%,48.97
cost to underpin basement toronto,0,34,0%,51.74
interior foundation waterproofing toronto,0,34,0%,52.85
dryshield basement waterproofing toronto,0,34,0%,86.79
basement demolition,0,33,0%,52.55
basement underpinning etobicoke,0,33,0%,56.09
foundation water leak repair,0,33,0%,60.36
interior basement waterproofing mississauga,0,33,0%,61.21
trench drain installation mississauga,0,33,0%,61.76
foundation services richmond hill,0,33,0%,64.79
backwater valve protection toronto,0,33,0%,66.73
hamilton waterproofing,0,33,0%,67.33
sump pump repair newmarket,0,32,0%,28.44
foundation dimple mat,0,32,0%,31.41
waterproofing contractors scarborough,0,32,0%,41.5
french drain company,0,32,0%,44.81
canada waterproofers brampton,0,32,0%,54.03
yard drain installation toronto,0,32,0%,61.84
richmond basement waterproofing,0,32,0%,71.22
dimple mat waterproofing,0,31,0%,31.06
dimple mat insulation,0,31,0%,41.26
dimple waterproofing,0,31,0%,46.84
basement underpinning cost,0,31,0%,55.84
underpinning contractor,0,31,0%,60.1
basement foundation repair mississauga,0,31,0%,60.19
sump pump repair etobicoke,0,31,0%,61.81
wet basement repair scarborough,0,31,0%,68.06
cost of basement drainage system,0,31,0%,73.13
basement underpinning toronto cost,0,31,0%,76.65
crawl space repair near me,0,30,0%,19.9
dryshield waterproofing,0,30,0%,39.87
cinder block foundation repair toronto,0,30,0%,44.67
basement flooding vaughan,0,30,0%,61.03
sump pump installation mississauga,0,30,0%,75.53
damp proofing mississauga,0,30,0%,78.77
basement walkout toronto,0,30,0%,85.5
drainage solutions in mississauga,0,29,0%,26.14
foundation parging unionville,0,29,0%,30.28
excavation problem scarborough,0,29,0%,31.07
sump pump installation scarborough,0,29,0%,33.41
french drain installation markham,0,29,0%,39.52
waterproofing rebates in mississauga,0,29,0%,45.97
waterproofing basement toronto,0,29,0%,52.86
french drain installation mississauga,0,29,0%,55.41
foundation repair richmond hill,0,29,0%,56.69
wet basement scarborough,0,29,0%,58.86
underpinning basement cost toronto,0,29,0%,63.48
concrete waterproofing toronto,0,29,0%,64.07
weeping tile installation scarborough,0,29,0%,65.28
toronto basement underpinning,0,29,0%,68.24
waterproofing east york,0,29,0%,69.1
waterproofing basement walls from inside,0,29,0%,73.31
window wells toronto,0,29,0%,79.17
waterproofing hamilton,0,29,0%,84.69
backwater valve installation richmond hill,0,29,0%,87.07
excavation problem richmond hill,0,28,0%,30.14
septic system installation vaughan,0,28,0%,36.5
window well repair toronto,0,28,0%,44.64
waterproofing pickering,0,28,0%,47.32
weeping tile installation newmarket,0,28,0%,50.71
sump pump installation burlington,0,28,0%,67.61
basement underpinning hamilton,0,28,0%,69.32
leaky basement repair oakville,0,28,0%,74.82
fixing foundation leaks,0,28,0%,75.25
waterproofing prices,0,28,0%,80.11
walkout basement construction scarborough,0,27,0%,27.04
leaky basement repair scarborough,0,27,0%,62.78
foundation repair cost,0,27,0%,71.85
etobicoke foundation cracks repair,0,27,0%,73.85
excavation problem north york,0,27,0%,77.41
basement windows toronto,0,27,0%,85.52
weeping tiles installation toronto,0,26,0%,32.62
french drain installation near me,0,26,0%,42.27
underpinning hamilton,0,26,0%,51.46
foundation maintenance guide,0,26,0%,53.54
foundation crack repair near me,0,26,0%,60.12
waterproofing experts toronto,0,26,0%,64.5
toronto underpinning contractors,0,26,0%,67.58
leaky basement hamilton,0,26,0%,69
sump pump maintenance,0,26,0%,75.42
french drains oakville,0,26,0%,83.5
interior vs exterior basement waterproofing cost,0,26,0%,85.65
sump pump installation north york,0,25,0%,30.92
sump pump replacement,0,25,0%,38.84
channel drain installation etobicoke,0,25,0%,40.96
foundation repair hamilton ontario,0,25,0%,42.96
leaking foundation repair,0,25,0%,59.08
foundation repair newmarket,0,25,0%,70.32
repairing leaky foundation,0,25,0%,82.44
underpinning in toronto,0,25,0%,83.6
backwater valve installation toronto on,0,25,0%,85.24
waterproofing contractor toronto,0,25,0%,87.68
driveway drain installation etobicoke,0,24,0%,24.33
sump pump installation richmond hill,0,24,0%,25.04
basement waterproofing near me toronto,0,24,0%,45.58
trench drain installation etobicoke,0,24,0%,47.46
foundation waterproofing services in toronto,0,24,0%,53.08
water in basement after rain,0,24,0%,57.58
exterior basement waterproofing mississauga,0,24,0%,59.79
crack injection hamilton,0,24,0%,63.75
dry basement repair,0,24,0%,67.38
waterproofing whitby,0,24,0%,67.46
basement waterproofing old toronto,0,24,0%,67.79
cost of waterproofing basement from inside,0,24,0%,71.92
etobicoke basement underpinning,0,24,0%,72.62
waterproofing company scarborough,0,24,0%,76.46
foundation crack repair,0,24,0%,78.08
backwater valve maintenance toronto,0,24,0%,80.96
deck waterproofing toronto,0,24,0%,82.12
wet basement mississauga,0,24,0%,91.38
sump pump pit installation etobicoke,0,23,0%,33.35
flood slab repair etobicoke,0,23,0%,35.65
weeping tile installation markham,0,23,0%,45.87
window well installation oakville,0,23,0%,54.78
basement repair near me,0,23,0%,61.35
emergency sump pump installation burlington,0,23,0%,61.87
leaking foundation,0,23,0%,68.3
concrete block repair richmond,0,23,0%,68.78
trench drain installation toronto,0,23,0%,75.04
basement water leak,0,23,0%,89.39
foundation repair vaughan,0,22,0%,19.95
sump pump battery backup installation etobicoke,0,22,0%,22.91
best exterior foundation waterproofing products,0,22,0%,43.68
flood slab repair mississauga,0,22,0%,54.32
basement flooding protection subsidy program,0,22,0%,60.91
basement waterproofing york,0,22,0%,62
exterior foundation waterproofing hamilton,0,22,0%,62.09
leaky foundation repair,0,22,0%,65.73
foundation repair richmond,0,22,0%,69.45
backwater installation toronto,0,22,0%,83.27
waterproofing solutions toronto,0,22,0%,86.55
oakville french drain,0,22,0%,87.23
weeping tile installation burlington,0,22,0%,95.59
sump pump battery backup etobicoke,0,21,0%,12.9
sump pump battery backup installation oakville,0,21,0%,26
toronto sump pump rebate,0,21,0%,54.48
foundation repair toronto ontario,0,21,0%,63.52
waterproof basement toronto,0,21,0%,64.38
basement waterproofing calculator,0,21,0%,68.81
excavation problem parkdale,0,21,0%,75.24
leaky basement repair richmond hill,0,21,0%,76.67
foundation drainage systems,0,21,0%,78.9
basement walkouts,0,21,0%,81.67
interior demolition toronto,0,21,0%,82.29
sump pump battery backup oakville,0,20,0%,30.2
direct waterproofing toronto,0,20,0%,32.8
epoxy injection foundation crack repair cost,0,20,0%,44.95
underpinning companies,0,20,0%,46.45
sump pump battery backup mississauga,0,20,0%,50.35
walkout basement construction toronto,0,20,0%,50.85
drain tile installation services york,0,20,0%,63.3
wet basement repair cost,0,20,0%,66.3
drainage contractors toronto,0,20,0%,68.2
residential waterproofing toronto,0,20,0%,73.35
residential foundation repair toronto,0,20,0%,75.15
cove joint seepage repair cost,0,20,0%,79.2
sump pump emergency repair in whitby on,0,20,0%,79.3
exterior basement waterproofing oakville,0,20,0%,79.7
sump pump repair near me,0,20,0%,84.5
drain contractors,0,20,0%,84.8
underpinning contractor toronto,0,20,0%,91.8
backyard drainage solutions etobicoke,0,19,0%,8.47
driveway drain installation mississauga,0,19,0%,24.05
foundation repair services burlington,0,19,0%,38.21
stone waterproofing unionville,0,19,0%,50.32
water leaking into basement after heavy rain,0,19,0%,50.63
basement waterproofing products,0,19,0%,54.42
sump pump pit installation toronto,0,19,0%,57.26
exterior foundation waterproofing burlington,0,19,0%,59.16
waterproofing commercial building,0,19,0%,63.58
types of basement drainage systems,0,19,0%,65.32
commercial waterproofing,0,19,0%,67.53
sump pump services scarborough on,0,19,0%,67.63
weeping tile installation vaughan,0,19,0%,67.95
wet basement inspection toronto,0,19,0%,69.32
waterproofing basement walls from inside cost,0,19,0%,69.42
professional excavation services,0,19,0%,71.26
foundation drainage,0,19,0%,72.68
sump pump services in whitby on,0,19,0%,73.21
wet basement repair near me,0,19,0%,82.79
leaking foundation fix,0,19,0%,94.37
waterproofing company toronto,0,19,0%,97.16
sump pump replacement etobicoke,0,18,0%,38.72
basement leak repair,0,18,0%,39.33
window well installation etobicoke,0,18,0%,42.5
certified foundation repair specialist,0,18,0%,43.61
grading services east york,0,18,0%,46.39
sump pump repair brampton,0,18,0%,46.67
sump pump repair scarborough on,0,18,0%,50.89
flood slab repair oakville,0,18,0%,51.11
ryan s waterproofing and underpinning,0,18,0%,57.39
basement leak repair hamilton,0,18,0%,61.89
cost to waterproof basement walls,0,18,0%,72.22
sewer backup cleanup scarborough,0,18,0%,72.39
hamilton basement waterproofing,0,18,0%,86.83
toronto basement flooding protection subsidy program details 2025,0,17,0%,3.29
best foundation waterproofing,0,17,0%,37.76
foundation crack repair hamilton,0,17,0%,45
brampton foundation repair,0,17,0%,45.29
basement waterproofing cost canada,0,17,0%,46.24
basement crack injection,0,17,0%,55.12
interior basement waterproofing products,0,17,0%,58.94
sump pump battery backup installation mississauga,0,17,0%,59
waterproofing a basement cost,0,17,0%,59.59
waterproofing estimate,0,17,0%,62.59
sewage backups cleanup scarborough,0,17,0%,63.12
walkout basement etobicoke,0,17,0%,69.12
how much does it cost to waterproof a basement from the outside,0,17,0%,73.59
cost to underpin,0,17,0%,74.18
basement renovations etobicoke,0,17,0%,77.65
basement drainage,0,17,0%,81.12
flooded basement repair cost,0,17,0%,82.35
sump pump battery backup installation burlington,0,16,0%,25
24 hour sump pump repair,0,16,0%,35.38
channel drain installation mississauga,0,16,0%,39.19
best basement waterproofing method,0,16,0%,56.5
basement waterproofing services near me,0,16,0%,57.94
wet basement repair newmarket,0,16,0%,60.38
foundation repair expert,0,16,0%,62.44
water leaking into basement,0,16,0%,62.69
foundation leak repairs toronto,0,16,0%,65.69
basement walkouts & additions toronto,0,16,0%,66.88
cost to underpin basement,0,16,0%,66.94
basement underpinning oakville,0,16,0%,70.19
basement leak repair oakville,0,16,0%,71.12
underpinned basement,0,16,0%,72.38
crack repair mississauga,0,16,0%,72.81
backwater valve installation repair ajax,0,16,0%,77.31
window well repair,0,16,0%,77.56
expert waterproofing,0,16,0%,83.62
flooded basement cleanup north york,0,16,0%,95.31
french drain installation etobicoke,0,15,0%,18.73
basement excavation toronto,0,15,0%,45.2
dry basement solutions,0,15,0%,55.93
sewer system backup scarborough,0,15,0%,57.13
cost of underpinning basement,0,15,0%,64.8
concrete steps repair etobicoke,0,15,0%,67.4
interior waterproofing hamilton,0,15,0%,67.53
driveway drain installation toronto,0,15,0%,70.07
leaky basement repair vaughan,0,15,0%,70.07
waterproofing house foundation cost,0,15,0%,73.4
crawlspace foundation repair,0,15,0%,75.93
basement walkouts toronto,0,15,0%,80.27
sewage pump installation brampton,0,15,0%,96.53
waterproofing contractor near me,0,14,0%,53.93
cost of underpinning toronto,0,14,0%,57.29
basement waterproof toronto,0,14,0%,57.71
sump pump battery backup installation toronto,0,14,0%,61.29
walkout basement,0,14,0%,64.14
leaking basement wall repair cost,0,14,0%,65.64
exterior waterproofing hamilton,0,14,0%,70.71
dimple board,0,14,0%,71.14
french drain repair toronto,0,14,0%,75.36
backyard drainage solutions toronto,0,14,0%,81.64
backwater valve rebate,0,14,0%,90.14
basement waterproofing costs estimate,0,14,0%,94.14
types of basement floor drains,0,13,0%,28.77
sump pump repair richmond hill,0,13,0%,35.85
foundation repair,0,13,0%,42.54
sewage pump installation richmond hill,0,13,0%,48.62
water coming through basement wall,0,13,0%,48.62
basement leak repair company near me,0,13,0%,54.38
foundation waterproofing contractors near me,0,13,0%,59.15
trench drain installation oakville,0,13,0%,61.54
waterproofers toronto,0,13,0%,67
sump pump installation markham,0,13,0%,70.15
sump pump services toronto on,0,13,0%,71.92
rain drain installation toronto,0,13,0%,73.46
waterproofing basement whitby,0,13,0%,75
emergency basement leak repair,0,13,0%,75.54
rough-in installation newmarket,0,13,0%,75.77
channel drain installation toronto,0,13,0%,77.15
foundation cracks repair toronto,0,13,0%,79.46
embedded moisture protection,0,13,0%,83.92
sump pump toronto,0,13,0%,87.38
basement flooding,0,13,0%,91
backwater valve installation yorkton,0,13,0%,96.92
trusted solutions for post-rain basement flooding,0,12,0%,7.25
"toronto basement flooding protection subsidy program details eligibility 
amounts application process",0,12,0%,8.58
dryspace solutions,0,12,0%,15.08
sump pump pit installation burlington,0,12,0%,28.58
interior waterproofing cost,0,12,0%,38.92
leaking basement after heavy rain,0,12,0%,46.75
crack repair specialist,0,12,0%,50.08
waterproofing ajax,0,12,0%,51.5
sump pump installation etobicoke,0,12,0%,53
drainage near me,0,12,0%,53.75
basement leaks repair near me,0,12,0%,55.83
leaking basement,0,12,0%,62.5
weeping tile cost,0,12,0%,62.83
basement waterproof specialists,0,12,0%,62.92
residential drainage solutions,0,12,0%,65.25
foundation repair oakville,0,12,0%,65.92
backflow valve installation toronto,0,12,0%,69.33
waterproofing basement uxbridge,0,12,0%,70.17
weeping tile installation cost,0,12,0%,71.75
basement crack repair near mississauga,0,12,0%,71.83
water in basement,0,12,0%,72.58
concrete crack repair hamilton,0,12,0%,78.83
weeping tile installation richmond hill,0,12,0%,80.25
basement crack repair mississauga,0,12,0%,81.25
walkout basement scarborough,0,12,0%,85.58
"toronto basement flooding protection subsidy program eligibility rebate 
amounts application process",0,11,0%,6.91
garage channel drain installation etobicoke,0,11,0%,17.55
basement flooding restoration schomberg,0,11,0%,18.91
basement walkouts east york,0,11,0%,37.55
footing drain,0,11,0%,40.64
basement repair contractors,0,11,0%,47.73
how to fix foundation leak,0,11,0%,47.73
oakville home servicing contractors,0,11,0%,50.73
window well installation burlington,0,11,0%,52.09
foundation repair new market,0,11,0%,58.36
waterproofing4less,0,11,0%,58.55
underpinning warranty,0,11,0%,66.45
internal waterproofing toronto,0,11,0%,67.91
citywide waterproofing,0,11,0%,68.91
leaky basement repair hamilton,0,11,0%,72.36
waterproofing basements cost,0,11,0%,72.36
textured cmu,0,11,0%,73.55
basement floods when it rains,0,11,0%,74.27
foundation underpinning toronto,0,11,0%,74.73
basement waterproofing contractor toronto,0,11,0%,76.09
foundation waterproofing near me,0,11,0%,81
install backwater valve toronto,0,11,0%,81.82
sewage pump installation scarborough,0,11,0%,86.64
shotcrete richmond,0,11,0%,91.91
flood cleanup vaughan,0,11,0%,95.73
gravel grading services toronto on,0,10,0%,22.2
interior waterproofing,0,10,0%,28.6
crawl space repairs near me,0,10,0%,30.5
types of basement drains,0,10,0%,33
waterproofing basement pickering,0,10,0%,49.5
foundation waterproofing etobicoke,0,10,0%,54.1
basement crack repair hamilton,0,10,0%,55
who installs a french drain,0,10,0%,55.1
underpinning toronto cost,0,10,0%,56.3
how much does it cost to underpin a basement,0,10,0%,62.9
weeping tile installation etobicoke,0,10,0%,63.4
direct basement waterproofing toronto,0,10,0%,65.5
"secondary keywords: basement underpinning toronto, basement lowering 
toronto, basement walkouts",0,10,0%,66.8
best foundation waterproofing membrane,0,10,0%,68.6
leaky basement repair near me,0,10,0%,69.1
waterproofing etobicoke,0,10,0%,69.7
active basement waterproofing,0,10,0%,72.4
waterproofing basement richmond hill,0,10,0%,75
price of waterproofing basement,0,10,0%,76.1
structural monitoring brampton,0,10,0%,76.8
waterproofing basement walls,0,10,0%,77.2
crack repairs,0,10,0%,78.6
backwater valve rebate etobicoke,0,10,0%,82.9
basement excavation contractors,0,10,0%,83.3
water leak in basement,0,10,0%,84.3
waterproofing richmond,0,10,0%,84.4
backwater valve installation mississauga,0,10,0%,87.8
egress window brampton,0,10,0%,90.1
block repair toronto,0,10,0%,92.3
window well installation near me,0,10,0%,95.1
foundations etobicoke,0,9,0%,13.56
underground parking waterproofing toronto,0,9,0%,27.89
toronto window wells,0,9,0%,28.22
foundation repair services oakville,0,9,0%,29.78
crawl space service,0,9,0%,45.44
how to fix a foundation leak,0,9,0%,45.78
sump pump installation brampton,0,9,0%,47.11
dimple board foundation,0,9,0%,49.78
crawl space encapsulation services,0,9,0%,49.89
sump pump installation near me,0,9,0%,52.89
dry basements,0,9,0%,53.78
waterproofing exterior foundation cost,0,9,0%,54.11
cost to fix basement leak,0,9,0%,59.11
basement underpinning contractors,0,9,0%,59.78
foundation crack sealing cost,0,9,0%,60.11
erin mills waterproofing,0,9,0%,60.78
basement companies near me,0,9,0%,61.22
basement drain system,0,9,0%,63.44
cost to underpin a basement,0,9,0%,64.22
walkout basement north york,0,9,0%,67.44
underpinning services,0,9,0%,67.78
how much to underpin a basement,0,9,0%,68
dimpled membrane for basement floor,0,9,0%,70.89
waterproofing the basement cost,0,9,0%,71.11
window well installation cost,0,9,0%,71.11
north york concrete crack repair services,0,9,0%,71.22
interior weeping tile system cost,0,9,0%,72.78
basement tanking islington,0,9,0%,73.33
backwater valve rebate toronto,0,9,0%,73.78
basement underpinning contractors toronto,0,9,0%,75
battery service markham,0,9,0%,78.67
basement waterproofing york region,0,9,0%,84
waterproofing basement walls cost,0,9,0%,84.89
wet basement repair companies near me,0,9,0%,89
concrete repair etobicoke,0,9,0%,89.67
underpinning basement walls,0,9,0%,90.22
cost comparison of basement waterproofing packages,0,8,0%,9.62
landscape grading services in toronto,0,8,0%,26.12
dimple mat,0,8,0%,32.12
install french drain near me,0,8,0%,33.88
basement waterproofing and insulation,0,8,0%,41.25
commercial waterproofing company,0,8,0%,42.88
exterior waterproofing cost toronto,0,8,0%,43.62
how to fix water leaking into basement after heavy rain,0,8,0%,43.88
dimple matting,0,8,0%,46.5
water coming from basement wall,0,8,0%,51
sump pump battery backup burlington,0,8,0%,53.38
basement lowering cost,0,8,0%,55.38
foundation contractors toronto,0,8,0%,57.12
basement waterproofing east gwillimbury,0,8,0%,58.12
basement seepage repair cost,0,8,0%,58.25
water in basement after heavy rain,0,8,0%,58.62
foundation leaks repair,0,8,0%,60.5
foundation drain,0,8,0%,61.25
basement seepage after heavy rain,0,8,0%,62.12
sewage pump installation newmarket,0,8,0%,62.5
basement wall leaking water,0,8,0%,63.12
drains vaughan,0,8,0%,63.62
foundation problems,0,8,0%,63.62
water seeping through basement wall,0,8,0%,65
basement finishing scarborough,0,8,0%,67.62
basement waterproofing services in oakville,0,8,0%,71.25
basement seepage,0,8,0%,73.12
waterproofing contractors richmond hill,0,8,0%,75.62
bench footing toronto,0,8,0%,77
foundation design services,0,8,0%,78.5
interior drainage system,0,8,0%,79.12
leak in foundation,0,8,0%,80.25
basement lowering hamilton,0,8,0%,80.62
basement waterproofing stoney creek,0,8,0%,82.5
underpinning services toronto,0,8,0%,84.75
utility excavation,0,8,0%,88
wet basement repair mississauga,0,8,0%,90.62
toronto waterproofing contractors,0,8,0%,91.12
waterproofing basement from inside,0,8,0%,92.75
basement flooding cleanup north york,0,8,0%,93.12
basement water management system,0,8,0%,96.88
aqua bloc 720-38,0,7,0%,23.43
aquabloc 720-38,0,7,0%,26.29
backyard drainage solutions mississauga,0,7,0%,37.43
internal basement waterproofing mississauga,0,7,0%,41.86
basement waterproofing near me,0,7,0%,52.71
how much does underpinning cost toronto,0,7,0%,55.29
foundation waterproofing membrane,0,7,0%,55.71
basement waterproofing cost estimate,0,7,0%,56.71
structural monitoring richmond,0,7,0%,57.29
basement reconstruction near me,0,7,0%,58.14
emergency sump pump repair,0,7,0%,59
basement encapsulation,0,7,0%,60.71
waterproofing near me,0,7,0%,62.43
basement leak repair scarborough,0,7,0%,66
internal basement waterproofing scarborough,0,7,0%,67.57
leaking basement toronto,0,7,0%,67.71
weeping tile cost per foot,0,7,0%,67.71
cellar waterproofing cost,0,7,0%,70.86
toronto excavation services,0,7,0%,71.71
structural foundation assessments burlington,0,7,0%,72.14
basement wall waterproofing cost,0,7,0%,73.29
basement renovation in scarborough,0,7,0%,73.86
egress window well repair,0,7,0%,74
waterproofing basement oakville,0,7,0%,74.29
waterproofing basement walls toronto,0,7,0%,75.14
sump pump installation burlington cost,0,7,0%,76
foundation membrane,0,7,0%,76.43
basement drains toronto,0,7,0%,79.14
concrete floor crack repair toronto,0,7,0%,80.86
unique services north york,0,7,0%,84.43
water damage markham,0,7,0%,87
wet basement hamilton,0,7,0%,87.14
water leakage in basement,0,7,0%,87.29
basement flood vaughan,0,7,0%,88.43
flooded basement vaughan,0,7,0%,91.29
finish basement mississauga,0,7,0%,91.71
water flooding in basement,0,7,0%,96.43
spring maintenance gta,0,7,0%,96.86
unionville water damage,0,7,0%,97.43
rapid response foundation repair,0,6,0%,21.17
basement underpinning brampton,0,6,0%,31
interior basement waterproofing cost,0,6,0%,35.17
foundation repair cost calculator canada,0,6,0%,39.5
stay dry waterproofing,0,6,0%,40.33
how to fix a leaky foundation,0,6,0%,43
toronto basement flooding protection subsidy program,0,6,0%,43.33
frech drain installation mississauga,0,6,0%,48.17
sump pump emergency service,0,6,0%,48.17
waterproofing specialist near me,0,6,0%,50.83
foundation repairs toronto,0,6,0%,51
demolition solutions brampton,0,6,0%,51.67
walkout basement railings richmond hill,0,6,0%,52.5
project buffering brampton,0,6,0%,55.17
external waterproofing hamilton,0,6,0%,56
basement walkout,0,6,0%,56.33
basement crack repair costs,0,6,0%,57.5
foundation-leak-repair,0,6,0%,57.83
waterproofing basement vaughan,0,6,0%,58.67
drainage system for basement,0,6,0%,58.83
excavation services east york,0,6,0%,59
low ceiling basement renovation toronto,0,6,0%,59.33
waterproofing basement caledon,0,6,0%,61.83
trench drain installation burlington,0,6,0%,63.83
cost to lower basement floor,0,6,0%,64.17
basement oakvillewaterproofing,0,6,0%,65.17
how much does underpinning cost,0,6,0%,66
underpinning cost canada,0,6,0%,66.17
sewage pump installation markham,0,6,0%,69.83
tree winterization service north york,0,6,0%,70.33
basement waterproofing in hamilton,0,6,0%,72.5
excavation for new homes scarborough,0,6,0%,73.83
meadow lake waterproofing,0,6,0%,75.83
waterproofing basement prices,0,6,0%,76
seasonal maintenance services toronto,0,6,0%,78
leaking basement wall,0,6,0%,78.33
oakville basement waterproofing,0,6,0%,78.83
basement waterproofing toronto mississauga,0,6,0%,79.33
drain types,0,6,0%,79.5
leaky basement repair newmarket,0,6,0%,79.5
5 seasonal maintenance tips to prevent foundation problems,0,6,0%,81.5
excavation etobicoke,0,6,0%,89.5
emergency sump pump repair burlington,0,6,0%,92.5
basement waterproofing unionville,0,6,0%,94.17
aquabloc 720 38,0,5,0%,22.8
best foundation waterproofing products,0,5,0%,27.4
waterproofing calculator,0,5,0%,28.8
burlington expert foundation leveling services,0,5,0%,29.2
sump pump installation newmarket,0,5,0%,35.6
crawl space foundation repair,0,5,0%,43.6
leaking basement hamilton,0,5,0%,50.2
crawl space waterproofing near me,0,5,0%,50.8
basement waterproofing companies near me,0,5,0%,52.2
how to fix water coming in through foundation,0,5,0%,52.4
how to stop water from seeping through basement walls,0,5,0%,54.6
basement crack repair cost,0,5,0%,55.8
foundation leak repair near me,0,5,0%,56
foundation footing drains,0,5,0%,57.6
walkout basement construction,0,5,0%,58.2
waterproofing newmarket,0,5,0%,58.4
sump pump installation vaughan,0,5,0%,60.4
cost of underpinning,0,5,0%,61.2
basement waterproofing toronto,0,5,0%,61.6
expert recommendations for long-lasting basement waterproofing,0,5,0%,63
cmu textures,0,5,0%,64
basemen renovation scarborough,0,5,0%,64.2
sewage pump repair markham,0,5,0%,64.6
basement leak contractors,0,5,0%,65.2
waterproofing basement ajax,0,5,0%,66.4
toronto waterproofing,0,5,0%,67
mississauga mandatory downspout disconnection,0,5,0%,68.2
basement leak companies,0,5,0%,70.4
direct waterproofing mississauga,0,5,0%,72.2
basement backup thornhill,0,5,0%,75.6
waterproofing meadow lake,0,5,0%,76.2
aesthetic pruning north york,0,5,0%,77
fix basement leak,0,5,0%,77.2
crack repair near mississauga,0,5,0%,77.4
legal basement window size brampton,0,5,0%,80.4
floodplain foundation solutions,0,5,0%,81.6
sump pump rebate,0,5,0%,82.6
installation of sump pump,0,5,0%,83
mississauga crack repair,0,5,0%,84.8
legal basement suite conversions,0,5,0%,86.8
stop water infiltration,0,5,0%,89.6
concrete floor repair toronto,0,5,0%,90.6
egress window installation toronto,0,5,0%,90.8
waterproofing company gta,0,5,0%,91
polyurethane epoxy injection,0,5,0%,92
sump pump servicing,0,5,0%,92.8
comprehensive foundation waterproofing,0,5,0%,93.2
basement inspection checklist,0,5,0%,94
flooded basement cleanup richmond hill,0,5,0%,101
water leaking into basement after heavy rain cost,0,4,0%,9.75
basement water management dundas,0,4,0%,15.25
elevator pit waterproofing toronto,0,4,0%,16.25
permanent waterproofing solutions ancaster,0,4,0%,17
dry space,0,4,0%,20.5
alternatives to parging,0,4,0%,27.75
walkout basement railings concord,0,4,0%,30.25
foundation repair methods burlington,0,4,0%,30.75
basement underpinning richmond hill,0,4,0%,31.5
replace sump pump,0,4,0%,31.5
basement water management ancaster,0,4,0%,31.75
crack specialists,0,4,0%,34
sump pump repair markham,0,4,0%,34.5
sump pump installation in burlington,0,4,0%,35.5
dryspace crawlspace solutions,0,4,0%,36
basement leak detection,0,4,0%,43.5
internal waterproofing hamilton,0,4,0%,44.75
home foundation repair,0,4,0%,46
waterproofing company ajax,0,4,0%,46
basement flooding protection program,0,4,0%,48.75
foundation leaking repair,0,4,0%,49.25
emergency basement leak repair services near me,0,4,0%,49.75
dimple board membrane,0,4,0%,50
which basement waterproofing methods have the best long-term success?,0,4,0%,50.5
walkout basement railings mississauga,0,4,0%,51
dry basement systems,0,4,0%,51.75
permanent waterproofing solutions hamilton,0,4,0%,53.25
aqua bloc,0,4,0%,54
how to fix foundation leaks,0,4,0%,55.75
basement flooding cleanup thornhill,0,4,0%,56
sewer backup cleanup etobicoke,0,4,0%,56.25
french drain contractor,0,4,0%,58
window well installation pickering,0,4,0%,58.25
dimpled waterproofing membrane,0,4,0%,58.75
crawl space cleaning near me,0,4,0%,59.5
drytech waterproofing,0,4,0%,60
sump pump battery backup toronto,0,4,0%,60.75
wet basement walls,0,4,0%,61.75
fix foundation leak,0,4,0%,62.25
basement waterproofing options,0,4,0%,62.5
french drain near me,0,4,0%,62.5
commercial waterproofing toronto,0,4,0%,62.75
shotcrete contractors toronto,0,4,0%,63.75
basement drain,0,4,0%,64
wall protection installation oakville,0,4,0%,64.75
east york excavation solutions,0,4,0%,65
concrete repair specialist toronto,0,4,0%,65.5
waterproofing basement king city,0,4,0%,66
basement excavation cost,0,4,0%,66.25
walkout railings vaughan,0,4,0%,67.25
water infiltration basement,0,4,0%,67.75
internal basement waterproofing hamilton,0,4,0%,68.25
under slab,0,4,0%,68.25
burlington basement waterproofing,0,4,0%,69
water in basement what to do,0,4,0%,69
waterproofing basement east gwillimbury,0,4,0%,69.25
excavating services toronto,0,4,0%,70.5
waterproofing company hamilton,0,4,0%,70.5
is weeping tile covered by insurance,0,4,0%,72.5
wet basement repair vaughan,0,4,0%,72.5
foundation settlement lifted service,0,4,0%,73.25
balcony repair oakville,0,4,0%,73.75
basement waterproofing specialists,0,4,0%,73.75
walk out basement,0,4,0%,74
basement lowering near me,0,4,0%,76.25
inject dry specialty drying north york,0,4,0%,76.25
foundation repair underpinning,0,4,0%,76.5
permanent waterproofing solutions burlington,0,4,0%,77.25
toronto foundation contractors,0,4,0%,77.75
flooding basement solutions,0,4,0%,82
underpinning greensborough,0,4,0%,82
foundation parging toronto,0,4,0%,82.5
underpinning near me,0,4,0%,84
emergency basement repairs waterdown,0,4,0%,84.5
how much does waterproofing basement cost,0,4,0%,87.5
grading solutions,0,4,0%,88.5
water ingress into basements,0,4,0%,88.75
water seepage in basement,0,4,0%,89.25
basement waterproofing estimate,0,4,0%,91
concrete block installation richmond hill,0,4,0%,92
durham basement waterproofing,0,4,0%,95.75
professional demolition,0,4,0%,97.25
mississauga foundation contractor,0,4,0%,97.75
rough-in installation vaughan,0,4,0%,97.75
waterproofing services in toronto,0,4,0%,104.5
basement waterproofing london ontario,0,3,0%,3.67
sump pump installation woodbridge,0,3,0%,7.33
dryspace calculator,0,3,0%,9
foundation repair methods dundas,0,3,0%,25
foundation specialists,0,3,0%,26
sump pump installation in dundas,0,3,0%,26.67
sump pump emergency service toronto,0,3,0%,27
foundation repair methods hamilton,0,3,0%,32.33
foundation repair methods ancaster,0,3,0%,33
foundation experts near me,0,3,0%,33.33
city of toronto sump pump rebate,0,3,0%,34.33
concrete slab installation toronto,0,3,0%,34.67
emergency basement leak repair companies near me,0,3,0%,38.33
basement vapor barrier,0,3,0%,39.33
basement waterproofing inspection software,0,3,0%,43
basement drainage systems,0,3,0%,48.33
basement renovations meadowvale,0,3,0%,49.67
foundation crack repair cost,0,3,0%,50
basement parging alternative,0,3,0%,50.33
dry tech waterproofing,0,3,0%,50.67
water damage basement repair cost,0,3,0%,51.33
foundation crack injection,0,3,0%,51.67
basement crack repair near me,0,3,0%,52.67
waterproofing in hamilton,0,3,0%,52.67
hamilton sump pump repair,0,3,0%,53
water in the basement after rain,0,3,0%,53
basement foundation crack repair cost,0,3,0%,53.33
septic system replacement contractor etobicoke,0,3,0%,54
structural concrete repair brampton,0,3,0%,55
drains east gwillimbury,0,3,0%,58
basement waterproofing methods and cost,0,3,0%,59
dimple mat basement floor,0,3,0%,59
walkout railings markham,0,3,0%,59.67
dimpled membrane interior wall,0,3,0%,61
basement waterproofing price,0,3,0%,61.33
concrete waterproofing crystalline technology,0,3,0%,61.67